lead_time,expected_exposure,p90_exposure,expected_risk_score,p90_risk_score
6,987841.2413597329,2240283.9603743767,67.93999337047458,74.22831107214294
12,1154519.6242521056,2532746.4189862832,68.80280850995256,74.67193017647311
24,1593987.189466894,3537966.495447801,68.4732908579147,75.33135700598757
48,2542445.875109709,6246027.104653465,68.15043208779606,76.8678532580891
72,3400937.688343751,9330417.929590266,67.87540887305065,77.89777309925721
96,3830990.8761728383,9269410.7908952,65.61749675674194,78.38838749245843
